"variant_id","GWAS_significant_count","mean_log_or","priority_score"
"chr15:78590583",1,NA,NA
"chr15:78596058",1,NA,NA
"chr15:78596440",1,NA,NA
"chr15:78618839",1,NA,NA
"chr15:78816057",1,NA,NA
"chr5:1280362",1,NA,NA
"chr5:1325688",1,NA,NA
"rs10462706",1,0.0295588022415444,0.0295588022415444
"rs10498635",1,NA,NA
"rs1056562",1,0.0573250666192694,0.0573250666192694
"rs10640406",1,0.0408219945202552,0.0408219945202552
"rs10786774",1,0.083381608939051,0.083381608939051
"rs10891246",1,0.0408219945202552,0.0408219945202552
"rs10908278",1,0.0582689081239758,0.0582689081239758
"rs1105291",1,0.0408219945202552,0.0408219945202552
"rs11196086",1,NA,NA
"rs112149573",2,0.0676149746300521,0.135229949260104
"rs112401627",1,0.263901543786378,0.263901543786378
"rs1124241",1,0.071389996086673,0.071389996086673
"rs11263763",1,0.0582689081239758,0.0582689081239758
"rs113623975",1,0.135819723142535,0.135819723142535
"rs11375254",1,NA,NA
"rs11571815",1,0.378436435720245,0.378436435720245
"rs11571833",1,0.450985623409974,0.450985623409974
"rs11610322",1,0.0295588022415444,0.0295588022415444
"rs11634901",1,0.0855578883616465,0.0855578883616465
"rs11639372",1,0.122217632724249,0.122217632724249
"rs11651755",1,0.0582689081239758,0.0582689081239758
"rs11778371",1,0.145025772050258,0.145025772050258
"rs11813268",1,0.048790164169432,0.048790164169432
"rs11852372",1,NA,NA
"rs11878604",3,0.139262067333508,0.417786202000523
"rs11927381",1,0.0512932943875506,0.0512932943875506
"rs1219651",1,0.0861776962410524,0.0861776962410524
"rs12265047",1,0.186329578191493,0.186329578191493
"rs12312603",1,0.0202027073175195,0.0202027073175195
"rs12682374",2,0.0725706928348354,0.145141385669671
"rs12914385",1,0.148420005118273,0.148420005118273
"rs13036436",1,0.0790432073404529,0.0790432073404529
"rs13207082",1,NA,NA
"rs13212534",1,NA,NA
"rs13214023",1,NA,NA
"rs13718",1,NA,NA
"rs144437384",1,0.584988982068882,0.584988982068882
"rs144840030",1,0.23031775506221,0.23031775506221
"rs146945846",1,NA,NA
"rs147759720",1,0.0861776962410524,0.0861776962410524
"rs1485995",1,0.0512932943875506,0.0512932943875506
"rs1537372",1,0.0202027073175195,0.0202027073175195
"rs1550623",1,NA,NA
"rs1590566",1,0.0408219945202552,0.0408219945202552
"rs1629083",1,0.0648509723196163,0.0648509723196163
"rs16886181",1,NA,NA
"rs1707302",1,NA,NA
"rs17130045",1,0.148420005118273,0.148420005118273
"rs174570",1,0.0304592074847086,0.0304592074847086
"rs17486278",2,0.256810605394324,0.513621210788649
"rs17662871",1,0.342490308946776,0.342490308946776
"rs17879961",2,0.458107364493004,0.916214728986009
"rs1794484",1,NA,NA
"rs1827336845",2,0.0440054386613567,0.0880108773227134
"rs1859963",1,0.0408219945202552,0.0408219945202552
"rs186536803",1,NA,NA
"rs1977357",1,0.127833371509885,0.127833371509885
"rs200663261",1,0.113328685307003,0.113328685307003
"rs201227858",1,NA,NA
"rs2036527",1,0.22872792960811,0.22872792960811
"rs205780",1,0.048790164169432,0.048790164169432
"rs2076295",1,0.0953101798043249,0.0953101798043249
"rs208908",1,0.356674943938732,0.356674943938732
"rs216859",1,0.265210977961808,0.265210977961808
"rs2180811",1,NA,NA
"rs2237896",1,0.048790164169432,0.048790164169432
"rs224121",1,NA,NA
"rs239935",1,0.0620353909194527,0.0620353909194527
"rs244477",1,0.0725706928348354,0.0725706928348354
"rs2524005",1,NA,NA
"rs2525548",1,0.0408219945202552,0.0408219945202552
"rs2585181",1,0.048790164169432,0.048790164169432
"rs2736100",1,NA,NA
"rs2736108",1,NA,NA
"rs2853677",2,0.195133692386702,0.390267384773403
"rs28667353",1,NA,NA
"rs2976384",1,0.0676586484738149,0.0676586484738149
"rs2981584",1,0.0618754037180875,0.0618754037180875
"rs2990223",1,0.0861776962410524,0.0861776962410524
"rs3117574",1,NA,NA
"rs3117575",1,NA,NA
"rs3128928",1,NA,NA
"rs3129713",1,NA,NA
"rs3130291",1,NA,NA
"rs3131856",1,0.158995731490458,0.158995731490458
"rs31490",1,0.125563222975346,0.125563222975346
"rs3217992",1,NA,NA
"rs329122",1,0.0460439385014068,0.0460439385014068
"rs35409710",1,0.0861776962410524,0.0861776962410524
"rs36019446",1,NA,NA
"rs3752426",1,0.116533816255952,0.116533816255952
"rs380286",1,NA,NA
"rs3829810",1,NA,NA
"rs398278",1,0.0573250666192694,0.0573250666192694
"rs4007642",1,0.0408219945202552,0.0408219945202552
"rs421284",1,0.124868982045869,0.124868982045869
"rs4442975",2,0.0460576444539029,0.0921152889078057
"rs4488809",1,0.139262067333508,0.139262067333508
"rs4630240",2,0.0460576444539029,0.0921152889078057
"rs4635969",1,NA,NA
"rs4808616",1,NA,NA
"rs4848599",1,0.048790164169432,0.048790164169432
"rs4930103",1,NA,NA
"rs4946256",1,0.162518929497775,0.162518929497775
"rs4971059",1,NA,NA
"rs4971099",1,0.0392207131532813,0.0392207131532813
"rs507068",1,0.0202027073175195,0.0202027073175195
"rs56111229",1,0.048790164169432,0.048790164169432
"rs56113850",1,0.117658043468232,0.117658043468232
"rs572975911",1,NA,NA
"rs6434979",1,0.0198026272961797,0.0198026272961797
"rs6860328",1,0.0512932943875506,0.0512932943875506
"rs6913578",1,0.0392207131532813,0.0392207131532813
"rs7097066",1,NA,NA
"rs71329345",1,0.0512932943875506,0.0512932943875506
"rs71658797",1,0.105260510657493,0.105260510657493
"rs7300571",1,0.0778865386570712,0.0778865386570712
"rs742528",1,NA,NA
"rs7463708",1,0.0769610411361284,0.0769610411361284
"rs75675343",1,0.0516432331518384,0.0516432331518384
"rs75989684",1,2.12026353620009,2.12026353620009
"rs76241157",1,NA,NA
"rs7631358",1,0.139761942375159,0.139761942375159
"rs7643161",1,NA,NA
"rs77045810",1,0.084341148433751,0.084341148433751
"rs7705526",2,0.135698592614432,0.271397185228864
"rs771418658",1,NA,NA
"rs7726159",2,NA,NA
"rs77468143",1,0.0806579030174545,0.0806579030174545
"rs778188682",1,0.0676586484738149,0.0676586484738149
"rs78540526",1,0.122217632724249,0.122217632724249
"rs7868253",1,0.0921152889078056,0.0921152889078056
"rs79127996",1,0.0304592074847086,0.0304592074847086
"rs7953330",2,0.0688156069949979,0.137631213989996
"rs7962469",1,NA,NA
"rs79942605",1,0.774727167552368,0.774727167552368
"rs8042849",1,NA,NA
"rs830888",1,0.0676586484738149,0.0676586484738149
"rs9267123",1,0.150142658429719,0.150142658429719
"rs9273736",1,0.113328685307003,0.113328685307003
"rs9374662",1,NA,NA
"rs9920763",1,0.0778865386570712,0.0778865386570712
